length;revenue;time
0;0;1.1920928955078125e-06
1;1;2.86102294921875e-06
2;5;3.814697265625e-06
3;8;3.337860107421875e-06
4;10;3.814697265625e-06
5;13;5.245208740234375e-06
6;17;8.821487426757812e-06
7;20;1.5974044799804688e-05
8;24;3.0279159545898438e-05
9;30;5.817413330078125e-05
