length;revenue;time
0;0;3.337860107421875e-06
1;1;2.86102294921875e-06
2;5;3.814697265625e-06
3;8;3.814697265625e-06
4;10;3.337860107421875e-06
5;13;3.337860107421875e-06
6;17;3.337860107421875e-06
7;20;4.0531158447265625e-06
8;24;4.76837158203125e-06
9;30;5.0067901611328125e-06
