length;revenue;time
0;0;3.337860107421875e-06
1;1;2.86102294921875e-06
2;5;4.0531158447265625e-06
3;8;3.0994415283203125e-06
4;10;3.337860107421875e-06
5;13;3.5762786865234375e-06
6;17;4.0531158447265625e-06
7;18;4.0531158447265625e-06
8;22;4.5299530029296875e-06
9;25;5.245208740234375e-06
10;30;5.9604644775390625e-06
