length;revenue;time
0;0;2.1457672119140625e-06
1;1;2.86102294921875e-06
2;5;3.814697265625e-06
3;8;4.5299530029296875e-06
4;10;4.291534423828125e-06
5;13;5.245208740234375e-06
6;17;9.059906005859375e-06
7;18;1.7642974853515625e-05
8;22;3.147125244140625e-05
9;25;7.653236389160156e-05
10;30;0.00012159347534179688
