length;revenue;time
0;0;3.337860107421875e-06
1;9973;3.5762786865234375e-06
2;19946;4.291534423828125e-06
3;29919;3.5762786865234375e-06
4;39892;4.0531158447265625e-06
