length;revenue;time
0;0;2.6226043701171875e-06
1;6463;4.0531158447265625e-06
2;12926;4.291534423828125e-06
3;19389;3.814697265625e-06
4;25852;3.814697265625e-06
5;32315;3.5762786865234375e-06
6;38778;4.291534423828125e-06
7;45241;5.0067901611328125e-06
8;51704;5.4836273193359375e-06
9;58167;5.7220458984375e-06
