length;revenue;time
0;0;1.430511474609375e-06
1;6463;2.384185791015625e-06
2;12926;3.0994415283203125e-06
3;19389;3.814697265625e-06
4;25852;5.0067901611328125e-06
5;32315;7.3909759521484375e-06
6;38778;1.33514404296875e-05
7;45241;2.5033950805664062e-05
8;51704;3.719329833984375e-05
9;58167;6.794929504394531e-05
