length;revenue;time
0;0;2.6226043701171875e-06
1;9973;3.337860107421875e-06
2;19946;4.291534423828125e-06
3;29919;4.291534423828125e-06
4;39892;5.7220458984375e-06
